state	gene	mean	sd	lower	upper
resident	Gene0001	3.14970248693732	1.61384909844609	0.522623853714759	4.63719651352028
resident	Gene0002	3.11878859067678	1.47587445578838	0.883454525928827	4.53018082060273
resident	Gene0003	3.6296821932303	0.643357598868436	2.7956897488109	4.50019307718023
resident	Gene0004	3.96008400662581	0.53019770425072	3.34027173585101	4.77404247307638
resident	Gene0005	3.63666475758715	0.776207511555509	2.46823540213029	4.30130759313609
resident	Gene0006	2.22844609237113	0.310056317288903	1.92932957560748	2.69681092123115
resident	Gene0007	0.755876490778222	0.480331337425535	0.230718986772415	1.51947638552326
resident	Gene0008	2.121657404899	0.945012557661496	0.753263322411011	3.37692730712898
resident	Gene0009	0.683901521874542	0.713267201514048	0.0867717620951168	1.76786216932001
resident	Gene0010	1.71849336630015	0.698496455502233	1.10736190383792	2.82013866861461
resident	Gene0011	0.251371370742106	0.119426735338916	0.0889309012650004	0.38570418939581
resident	Gene0012	2.60418206231049	1.22057337928292	0.778228956092918	3.95987955461995
resident	Gene0013	2.76301687058428	1.12571616770188	1.49911532640345	4.38669077962846
resident	Gene0014	0.738690062197821	0.684320961706304	0.198157998474176	1.84071606944275
resident	Gene0015	1.42674961586422	0.793984330145018	0.344023392444447	2.26034848738968
resident	Gene0016	0.871363055696776	1.15889437275767	0.0131622597519976	2.42721842187341
resident	Gene0017	0.481022663513193	0.503402209401259	0.0507701189393757	1.21526014418037
resident	Gene0018	1.88389686030905	1.11987534026726	0.597432267693896	3.00452958045928
resident	Gene0019	1.11581149045485	0.848527142924963	0.358879608826619	2.5011029841118
resident	Gene0020	1.31653167195343	0.75597774300388	0.144954659017169	2.07784270400641
resident	Gene0021	1.65124437988623	1.12185468542924	0.220143773000021	3.15727625607294
resident	Gene0022	1.02590372682546	0.861837138112842	0.464390937395472	2.52434186487484
resident	Gene0023	1.0913494131834	0.822210193503633	0.266827218871038	1.97614935310499
resident	Gene0024	1.56834503114749	1.23272708661301	0.694267490122961	3.29383615854162
resident	Gene0025	1.07544100408744	0.811702387282107	0.244963858990447	2.21187140316049
resident	Gene0026	1.60353321904034	0.696453181901074	0.691611241999136	2.47112786807335
resident	Gene0027	1.1383444186364	1.43378392691325	0.213570560332613	3.62399174458806
resident	Gene0028	1.10488138677436	0.915561606510684	0.075344662066757	2.05009243027133
resident	Gene0029	2.19815390218301	0.837191031859186	1.00217114585106	3.25821667699803
resident	Gene0030	1.50018495385332	0.779009161821041	0.605040503347658	2.48729842583496
resident	Gene0031	2.31747559038275	1.36486731203753	0.527488237108975	3.61199166235444
resident	Gene0032	0.783446612186587	0.462711882745702	0.151557280318545	1.42639256081889
resident	Gene0033	1.49243267762959	0.793785018141455	0.777332097455621	2.67454785484466
resident	Gene0034	1.49197396017159	0.887010061739667	0.253378004963384	2.56106722968732
resident	Gene0035	1.72934977294156	0.866193837270736	0.489237075331664	2.53735996570863
resident	Gene0036	0.637646048804688	0.652559445086532	0.012568028201863	1.42558021547684
resident	Gene0037	1.82155989003777	1.21156166708661	0.955107783253691	3.90365426368465
resident	Gene0038	0.84525575261528	0.541538541204547	0.245702433891025	1.54343425783174
resident	Gene0039	1.43594325451397	0.631737247606726	0.505737418303549	2.19825252466236
resident	Gene0040	1.21097840010302	1.41896998321417	0.123166764699512	3.53831078745509
resident	Gene0041	1.31668503220592	0.797751297587814	0.328792428802378	2.36666371936726
resident	Gene0042	0.823326494347755	0.66365421832288	0.217775296646821	1.92197957947954
resident	Gene0043	1.11901707343633	0.814530404055681	0.370857655062902	2.39688216359789
resident	Gene0044	1.06292661253255	0.937542548385052	0.00404321767467685	2.16181106632901
resident	Gene0045	0.63663259204095	0.541075176298968	0.138327302554121	1.39933838607301
resident	Gene0046	0.676830316745046	0.662562686487477	0.17006821778922	1.78303834262497
resident	Gene0047	1.29253085771687	0.987752543123451	0.122945762222979	2.43813329082493
resident	Gene0048	0.454665480111937	0.339513909177844	0.0499349008532072	0.921825540456738
resident	Gene0049	1.35107132998995	1.21793871115937	0.327393573612287	3.03057045344612
resident	Gene0050	1.04346027267055	0.852687725270223	0.0869545242904882	2.18189815686758
resident	Gene0051	1.55364900540374	0.888218155580494	0.361691638699236	2.60618082852907
resident	Gene0052	0.903550781721519	0.921728565124314	0.14325761391137	2.32032421087794
resident	Gene0053	1.79392517854262	1.47337419663475	0.235450374877604	4.01281188989364
resident	Gene0054	1.20060765263589	1.01794401586422	0.221503792900784	2.70351973165799
resident	Gene0055	1.49466856689534	0.904577931973164	0.402494725648162	2.69430858384476
resident	Gene0056	1.71128400143663	0.81593267854301	0.700143440749653	2.74878125713322
resident	Gene0057	1.36717556589727	0.692300415504655	0.27089407806286	2.1279980103014
resident	Gene0058	1.01442228476133	0.839218333155424	0.106019218257275	2.16947452262978
resident	Gene0059	2.07236520084264	0.930900414119312	0.991472076658315	3.52404150730816
resident	Gene0060	1.39566369174466	0.0943412176185446	1.27627199144333	1.51877280472606
resident	Gene0061	0.898378020325523	0.85800043373023	0.127044405203414	2.2395378604485
resident	Gene0062	0.870425845093993	0.51766053599337	0.149302920211258	1.53404449916126
resident	Gene0063	1.52119296184944	1.06555514651966	0.352920542993182	3.02168092139119
resident	Gene0064	1.13689242971647	0.62546182516476	0.576089491530923	2.18761936801497
resident	Gene0065	1.02737739632794	0.577125919880061	0.224628509841407	1.7884673789307
resident	Gene0066	1.62954088947643	0.685565148726307	0.551623995749732	2.25299397055705
resident	Gene0067	0.605392599500201	0.491261918240384	0.0298791225507567	1.11467251784432
resident	Gene0068	1.27569330780304	0.908127489786361	0.391907118045013	2.63643503254204
resident	Gene0069	1.73127003236365	0.559130546819312	1.00464713165972	2.46133420571997
resident	Gene0070	1.12504340249576	0.557266974730764	0.172138404242714	1.52606318063644
resident	Gene0071	0.823551502848593	0.612742918040798	0.26647898465328	1.8413171426223
resident	Gene0072	0.988102030969052	0.666739556452881	0.186956878908004	1.89788263853159
resident	Gene0073	1.23625478905606	0.463746091985127	0.733763211781758	1.90776325082764
resident	Gene0074	1.65324448200151	1.20920652244902	0.264315290561058	3.24073664742827
resident	Gene0075	1.44799747823761	0.53661784937835	0.814967473112898	2.17197071278276
resident	Gene0076	0.726370102062325	0.51737483191163	0.168865842231004	1.3887876234259
resident	Gene0077	1.99448028521621	0.812472396221789	0.998721197378359	2.99591655571273
resident	Gene0078	0.872211789602496	0.482052882539162	0.326727321738268	1.5922749526271
resident	Gene0079	1.33126943469872	1.22875081658038	0.199267202468097	3.25571651181432
resident	Gene0080	1.14349240686727	0.951664360169131	0.0651502448144913	2.55659387180738
resident	Gene0081	1.50931336063346	1.14643946038921	0.342311511238298	3.15163557389294
resident	Gene0082	2.74082705592862	1.00610195233789	1.46615677792199	4.20007947995317
resident	Gene0083	0.947205653391263	0.675493305528396	0.0943474418415843	1.52956862477352
resident	Gene0084	1.52497101408956	0.596799539621912	0.930559198473935	2.32560360960783
resident	Gene0085	0.598768546395797	0.153519044656587	0.331514222000328	0.669337262275282
resident	Gene0086	0.840807807311621	0.511939052012048	0.115275083980157	1.48896385781122
resident	Gene0087	1.00022590168652	0.726113488086399	0.443353668992635	2.24475763180449
resident	Gene0088	1.83342477985437	1.23908126036125	0.334151051807514	3.67046843649372
resident	Gene0089	1.12738182883286	0.784681144226782	0.120494570122861	1.87088330150946
resident	Gene0090	0.89101183820681	0.76130063139156	0.187688714197712	1.84583239741585
resident	Gene0091	0.785148621608128	0.700424730004272	0.175677952785532	1.90860982147342
resident	Gene0092	2.41783299631764	0.71584690771215	1.44759138011109	3.34081764545348
resident	Gene0093	2.00347769519166	1.33525337456683	0.412644987053397	3.50917308618232
resident	Gene0094	1.55578338137023	0.674225330726148	0.646352781906314	2.22370702451705
resident	Gene0095	0.548511959672717	0.474582678267494	0.124326036539888	1.33721364207433
resident	Gene0096	1.02063731602366	0.580349737858559	0.139989114552112	1.74822643910603
resident	Gene0097	0.824151494639099	0.93001286992968	0.119080426305731	2.42089910399164
resident	Gene0098	1.01474143432693	1.01407640719906	0.092004411022357	2.66781905605403
resident	Gene0099	1.45770873151477	0.831326278092128	0.377437816702784	2.49567144583456
resident	Gene0100	1.07188414656834	0.837411441458368	0.46180652655431	2.20593846787605
inflammatory	Gene0001	1.64021487616726	1.81771782016249	0.479957228225513	4.78721495979098
inflammatory	Gene0002	1.07598663630565	0.242003941387728	0.737496229299161	1.36970231666928
inflammatory	Gene0003	0.778610313965328	0.745451384327288	0.125197373624518	1.95323062395224
inflammatory	Gene0004	1.36216302274346	0.449128168267008	0.741346127485553	1.87568115188465
inflammatory	Gene0005	0.748199344687104	0.221016072809757	0.47606443526574	0.97855357157679
inflammatory	Gene0006	2.4797564438948	0.803318343142827	1.42251936501597	3.47632190489089
inflammatory	Gene0007	3.5287037524113	0.8839806765822	2.28415740636288	4.54583323769129
inflammatory	Gene0008	2.8344048601974	0.384385103906376	2.47293854253083	3.39670312060325
inflammatory	Gene0009	1.92043425917354	1.29345850335246	0.465383216544002	3.85704514850543
inflammatory	Gene0010	4.62160194492212	0.967419546394789	3.06979563845152	5.67925860576391
inflammatory	Gene0011	1.02905020111398	0.575404003983002	0.421523170594018	1.92584905497105
inflammatory	Gene0012	3.19802032831823	0.80865772570073	1.95869711901283	4.10353795698086
inflammatory	Gene0013	0.5899817950456	0.425948923376978	0.060676914829182	1.10760023019868
inflammatory	Gene0014	1.56201371949898	0.881636827475416	0.314213989367862	2.45541207131477
inflammatory	Gene0015	2.77662878547699	1.39038388662347	1.1290004764539	4.77431434630018
inflammatory	Gene0016	0.439003648753466	0.413494734869259	0.128665508089344	1.15133369848632
inflammatory	Gene0017	0.629579628485796	0.700159487182276	0.0864780032864694	1.80966279068735
inflammatory	Gene0018	0.844284591795162	0.877343843101561	0.158540756640972	2.22993293617798
inflammatory	Gene0019	0.922295087332335	0.699049602076945	0.0877376686621728	1.95217180893153
inflammatory	Gene0020	0.585846785989602	0.35272232677356	0.174872885635321	1.07039301530669
inflammatory	Gene0021	1.19090632203974	0.879734315033133	0.222235482697125	2.58108233415624
inflammatory	Gene0022	1.87364325254745	0.625677262716124	1.34676031840698	2.91694043491607
inflammatory	Gene0023	1.09627875313203	0.74677839183328	0.172176274194941	1.84186606668833
inflammatory	Gene0024	0.514617955451807	0.634271041378644	0.040015259663752	1.60650896657179
inflammatory	Gene0025	1.08986060383569	0.438806043276668	0.482017273903361	1.58848135855453
inflammatory	Gene0026	1.33423398744304	0.859800553711121	0.323588307313479	2.43853249704119
inflammatory	Gene0027	1.30070563209439	0.625899861955472	0.451513605878564	1.97907655009121
inflammatory	Gene0028	0.672159585852837	0.385135614218348	0.364618151972789	1.18936988251742
inflammatory	Gene0029	0.580562028575581	0.578868292876536	0.243790385193151	1.58888770667055
inflammatory	Gene0030	1.18750563618035	0.757087830634746	0.419190442783895	2.24029135613897
inflammatory	Gene0031	1.68299919880995	0.633069990525521	1.04680459841337	2.6115651964117
inflammatory	Gene0032	1.24684379943873	0.810511044858129	0.163910042076855	2.04788591806654
inflammatory	Gene0033	1.33782465455348	0.952563668825882	0.256388499418091	2.66886865202323
inflammatory	Gene0034	0.693012404732535	0.309996099103314	0.300871085757838	1.13947252699987
inflammatory	Gene0035	1.50903824819306	1.30452737705961	0.458127976311072	3.69628965363677
inflammatory	Gene0036	0.616543320732316	0.448166245221795	0.10691357606582	1.23657139830974
inflammatory	Gene0037	0.772371506165213	0.877196640323041	0.0513151543940228	2.24138214499429
inflammatory	Gene0038	2.24890492689058	1.1117305595193	0.717314301938738	3.79777684839616
inflammatory	Gene0039	2.73525269750171	1.14500071414495	1.14345145912379	3.92084584831522
inflammatory	Gene0040	0.750939481581244	0.817346389394093	0.00353947634914613	1.78380439399739
inflammatory	Gene0041	1.17883983539355	0.469047592322546	0.614060562853306	1.76934177849614
inflammatory	Gene0042	1.04049551335441	0.693723834158236	0.49196450219026	2.20656578786882
inflammatory	Gene0043	1.91561832666995	1.13095418018753	0.450815573514589	3.01485399353159
inflammatory	Gene0044	1.02105280420568	1.00027853391408	0.116447202692784	2.58085740426597
inflammatory	Gene0045	1.50865957712116	0.668012720380251	0.598857781030081	2.23406541969576
inflammatory	Gene0046	2.21082918985974	0.804103080545416	1.33057584206944	3.39737122928051
inflammatory	Gene0047	1.17688229848181	0.649690549726458	0.382785438945644	1.92249227382011
inflammatory	Gene0048	0.912462473880914	0.590750171265026	0.272247119196805	1.81828476926059
inflammatory	Gene0049	1.04336940664741	0.41394716489058	0.46299497376622	1.51146229425071
inflammatory	Gene0050	1.54062526955904	0.55523154223723	0.795053928445719	2.12602114275479
inflammatory	Gene0051	1.8379671315825	0.776951358360534	0.638965684510405	2.76802846580891
inflammatory	Gene0052	1.45153585782601	0.571078397004937	0.779617399467498	2.31588952137711
inflammatory	Gene0053	3.85238479788349	0.796340819009925	2.98785663616472	5.01952054488919
inflammatory	Gene0054	1.24123344160923	0.96723481497296	0.209895414474625	2.81124226130011
inflammatory	Gene0055	0.89787089144859	0.741266803279649	0.178481850814018	2.04089121852841
inflammatory	Gene0056	1.21441425404894	0.759182933064299	0.259832513411607	2.1267046139593
inflammatory	Gene0057	0.766473263826913	0.277399707170385	0.349998812558112	1.03510770695639
inflammatory	Gene0058	0.5291391762535	0.608312633319226	0.0342126480688545	1.54756362881199
inflammatory	Gene0059	1.50616479947118	0.939255901567606	0.483745894980228	2.91535706600813
inflammatory	Gene0060	0.808960723127885	0.407574958883398	0.240346016077487	1.35060827620354
inflammatory	Gene0061	0.793236835645617	0.47076038082346	0.32579521758048	1.54229092577225
inflammatory	Gene0062	1.17397958247372	0.661175260799056	0.599226582669044	2.25480980432259
inflammatory	Gene0063	0.910974355322968	0.923740117086931	0.29908340242377	2.51524633062796
inflammatory	Gene0064	0.807359509579766	0.758266710058574	0.0378217463783957	1.80246384161858
inflammatory	Gene0065	1.10852673656185	0.584872702789261	0.374025331739187	1.72027405875938
inflammatory	Gene0066	1.38117872980589	0.475712515056323	0.901465046585341	2.00076985803969
inflammatory	Gene0067	0.682115483716886	0.432721389932486	0.287304909050933	1.39950150918003
inflammatory	Gene0068	0.424129208178265	0.519079682684328	0.0186492716426152	1.25370874751848
inflammatory	Gene0069	1.23167408455513	0.828770471906985	0.340199730006571	2.3717301410271
inflammatory	Gene0070	1.68089786052553	0.856482547239183	0.449921051705585	2.44404443858321
inflammatory	Gene0071	2.97290533500736	0.503219645086325	2.50048367685062	3.71559759016771
inflammatory	Gene0072	0.609729580062378	0.561193318837543	0.0157510240980132	1.33705992940582
inflammatory	Gene0073	1.95843226172334	1.36200753020877	0.490689497055966	4.02827273653503
inflammatory	Gene0074	1.10578084692759	0.608354259939684	0.602320517850227	2.10124053656002
inflammatory	Gene0075	2.61983231549045	1.04901215947062	0.847142710270308	3.51614444898692
inflammatory	Gene0076	1.35135178465372	0.700556921304069	0.450647481472499	2.18529989538596
inflammatory	Gene0077	1.04902461682826	0.89153398664778	0.296921547939446	2.46771973187582
inflammatory	Gene0078	1.51274203821519	0.624092589647	0.565094699680201	2.13279173986688
inflammatory	Gene0079	0.721942364853605	0.63147684787318	0.17957656717488	1.65835768203348
inflammatory	Gene0080	1.2327608240449	0.720387462084838	0.324123697294568	2.16845442658875
inflammatory	Gene0081	1.23621741448751	0.742115240818539	0.489938615881584	2.29682661791707
inflammatory	Gene0082	0.930007197870145	0.969936133990776	0.166815459104256	2.56422083997192
inflammatory	Gene0083	0.582893259904834	0.426594939294988	0.27798059003965	1.31455097891059
inflammatory	Gene0084	0.706331823942446	0.493921820223468	0.0934739075671038	1.2484416883332
inflammatory	Gene0085	0.992297868794199	0.537867892613347	0.220072543730978	1.60597042814637
inflammatory	Gene0086	1.49678735407934	0.540619163214456	0.745355371781623	2.06254847228772
inflammatory	Gene0087	1.77853492082877	1.23240827896052	0.449775034300271	3.66398638984876
inflammatory	Gene0088	1.26096665550304	0.345390808830846	0.952647332849994	1.73958939200675
inflammatory	Gene0089	2.27799254175938	0.696639603532914	1.47242402511605	3.14414157132124
inflammatory	Gene0090	0.607156637120422	0.421338802259864	0.189462929489541	1.18576531266249
inflammatory	Gene0091	1.04652491504332	0.907034117759297	0.210795554528639	2.52418233907627
inflammatory	Gene0092	1.29956930429061	0.787022320904102	0.152763162305773	2.23297107430803
inflammatory	Gene0093	1.78496589472805	1.47613983363995	0.247962071644343	4.19173396555877
inflammatory	Gene0094	0.655196888535815	0.768874331668557	0.0418692781727254	1.9634471442756
inflammatory	Gene0095	0.744968130703919	0.304805816828157	0.427104088507905	1.16853881457918
inflammatory	Gene0096	1.82803838047756	1.24220233718425	0.260303037599104	3.69880307157148
inflammatory	Gene0097	1.3437932914864	0.550395687919904	0.578422604107605	2.10331383531826
inflammatory	Gene0098	2.42151416996475	0.957388845286388	1.52347570145135	3.91916681899497
inflammatory	Gene0099	0.849375864354892	0.615187876486702	0.331948542073819	1.86480735627659
inflammatory	Gene0100	2.33919770844998	0.935440541110381	1.34391860559308	3.80691823987922
myofibroblast	Gene0001	0.711692409898602	0.346908421938904	0.229346826314041	1.07939165417086
myofibroblast	Gene0002	0.52027529339664	0.612858065655524	0.0998336158720104	1.58186312840647
myofibroblast	Gene0003	0.958108448448323	0.634844228525728	0.217217046738124	1.7680510484995
myofibroblast	Gene0004	2.10885686966894	0.856775461676686	1.25179015006899	3.51735200155867
myofibroblast	Gene0005	0.609409976052687	0.321038180440587	0.233480548615711	0.972269621762356
myofibroblast	Gene0006	0.732173667244128	0.384356288636971	0.185083629529276	1.18990106438139
myofibroblast	Gene0007	0.9997138932545	0.651096929459266	0.594980572920105	2.13120033973708
myofibroblast	Gene0008	0.755268690068519	0.51881755554374	0.162143979311488	1.52221014167758
myofibroblast	Gene0009	1.70448604678408	1.21985469622557	0.70693433717105	3.76863150126181
myofibroblast	Gene0010	0.94837246978871	0.312486181677768	0.421783939724741	1.20715471537451
myofibroblast	Gene0011	4.09078368161287	0.732400658532814	2.93225117145928	4.93348116388528
myofibroblast	Gene0012	2.57922529165488	0.437161125574667	1.9117470333902	3.07758137602015
myofibroblast	Gene0013	4.16868126489481	0.715913764614652	3.32451040794726	5.14946855439477
myofibroblast	Gene0014	4.06229398768614	0.92661629717067	2.89532818537998	5.38418651118252
myofibroblast	Gene0015	1.18239686943052	0.594261182419505	0.615596748474544	1.83553043079198
myofibroblast	Gene0016	0.423163156201715	0.45068183399215	0.0536616408707524	1.19533728457636
myofibroblast	Gene0017	1.05442452929384	0.927210882019949	0.0578001524137378	2.3263533459442
myofibroblast	Gene0018	1.44671651718167	0.583287351539033	0.55475195566768	1.99461940344994
myofibroblast	Gene0019	0.82621703528934	0.554706667795837	0.229607608290522	1.59120772903588
myofibroblast	Gene0020	0.726745632550252	0.510368599176911	0.0891293212770125	1.46473819661998
myofibroblast	Gene0021	1.81367834373074	0.556942954115121	1.22597350945555	2.41223819263922
myofibroblast	Gene0022	1.57498837534031	0.939868092523396	0.581468546957936	2.83633152482072
myofibroblast	Gene0023	0.844577894486841	0.480385597943896	0.183118627524807	1.50180301647124
myofibroblast	Gene0024	1.39608547265842	0.732185725684449	0.350861702976323	2.12781462144921
myofibroblast	Gene0025	2.13000642122597	0.552800532488924	1.41661561096223	2.83985775976111
myofibroblast	Gene0026	0.64669322811204	0.551855007041013	0.0589858511938007	1.43951875550777
myofibroblast	Gene0027	0.900418038120773	0.688263063422654	0.0872756631968163	1.80327215013679
myofibroblast	Gene0028	1.35524974523874	0.796872064785107	0.139851992618004	2.13258980037988
myofibroblast	Gene0029	0.776021391615688	0.8507054339708	0.0475779911959992	2.18924007222122
myofibroblast	Gene0030	0.880955431293111	0.702707370371553	0.105101489942125	1.71593209773537
myofibroblast	Gene0031	1.86935473274867	0.988490859635201	0.630349067976448	2.88187987289695
myofibroblast	Gene0032	1.22450655596782	0.708396560508269	0.338597438657319	1.95843837078054
myofibroblast	Gene0033	1.2442554329881	1.08396488295248	0.304650365985938	3.0820419381435
myofibroblast	Gene0034	0.969482182901036	0.896841463200097	0.137210946324761	2.33033793856107
myofibroblast	Gene0035	1.98967796892682	0.570078759522299	1.27380484892003	2.85071527500393
myofibroblast	Gene0036	1.78243934977295	0.963070767999063	0.486280569036879	2.84442989149688
myofibroblast	Gene0037	0.963118844694844	0.514026359799136	0.424792708482652	1.6259208982943
myofibroblast	Gene0038	1.07436296436657	0.725828628924438	0.41133430579399	2.25567668131641
myofibroblast	Gene0039	2.2084128155856	0.75819244127953	0.978210681586976	2.89592212621816
myofibroblast	Gene0040	0.609778293879232	0.269969918351696	0.188596665725203	0.922847489009744
myofibroblast	Gene0041	1.87927635374259	0.622417415144336	1.21209332195168	2.82043690410181
myofibroblast	Gene0042	1.72400298135177	0.696565274746594	1.21099482100214	2.92189886452834
myofibroblast	Gene0043	1.21555870968416	0.395671826079295	0.834599649406805	1.84506364571497
myofibroblast	Gene0044	1.54440422442638	0.704960509295409	0.874033185159793	2.56902691677033
myofibroblast	Gene0045	0.584260701933231	0.421226176130221	0.0969272788225511	1.1913531947206
myofibroblast	Gene0046	0.956855977236637	0.350317244457783	0.572489889911395	1.44116302961471
myofibroblast	Gene0047	0.732578880599362	0.50948338039128	0.0629228984350245	1.36034789550062
myofibroblast	Gene0048	0.435298783804669	0.196717381701524	0.184721900603797	0.684188928986466
myofibroblast	Gene0049	0.672161458023131	0.596759815810822	0.0352195256768147	1.44007081049
myofibroblast	Gene0050	1.56219146869621	0.797914424039681	0.675282169126374	2.64663976675225
myofibroblast	Gene0051	1.55499330771083	0.712249056759977	0.775902996638595	2.5237002650298
myofibroblast	Gene0052	0.820360111591694	0.537270391369215	0.226016952623914	1.60781736429981
myofibroblast	Gene0053	2.12923571355407	0.79473851711027	1.0200393555421	3.11280303305743
myofibroblast	Gene0054	0.432361934553756	0.341296686973982	0.0529643198880779	0.964759539303321
myofibroblast	Gene0055	0.799431195905799	0.582046410280187	0.143228966961524	1.68735353788368
myofibroblast	Gene0056	0.624209112815535	0.437755873933708	0.122582307015035	1.29601397614201
myofibroblast	Gene0057	0.480034266632384	0.311319229912071	0.142842036025844	0.866052592384716
myofibroblast	Gene0058	1.31929186650707	0.673402654419054	0.470314607455672	2.31181957339837
myofibroblast	Gene0059	1.21925153778115	0.854339155559722	0.0664774981984101	2.1604393109571
myofibroblast	Gene0060	1.50793863124269	0.873200975260449	0.234590230156456	2.53058421645755
myofibroblast	Gene0061	2.22160491197969	1.1285350018521	0.622119232564422	3.40419260782889
myofibroblast	Gene0062	2.3090088738234	0.740671827108777	1.17555878969516	3.16692932970315
myofibroblast	Gene0063	1.14379466817334	0.835535740499861	0.183907136820637	2.12779636448652
myofibroblast	Gene0064	2.09291660210833	0.72716932891186	1.18128557564052	3.1927090468746
myofibroblast	Gene0065	0.45587402981941	0.433312617896382	0.119486770068617	1.17984351245676
myofibroblast	Gene0066	1.2135905705699	0.416575727621991	0.787541627085095	1.83006319492783
myofibroblast	Gene0067	1.79391936042634	1.49980340762413	0.232677422273356	4.07289282476004
myofibroblast	Gene0068	0.541052303695057	0.193985094873464	0.33112709766076	0.846902855267678
myofibroblast	Gene0069	2.23034649917326	0.84610650870214	0.933833571712443	3.25361035875046
myofibroblast	Gene0070	1.8674981973272	0.673597322287716	1.07099943864572	2.85217264853791
myofibroblast	Gene0071	1.4243532675209	1.07461425310954	0.120076218476179	2.92981702563107
myofibroblast	Gene0072	0.717307420465837	0.655338399874475	0.25218281902493	1.79212089191617
myofibroblast	Gene0073	0.925678888652196	0.700671073356502	0.278392900066848	2.0079496016405
myofibroblast	Gene0074	1.05969503022821	0.533783591185192	0.506279652365979	1.87936449011646
myofibroblast	Gene0075	0.814874624258212	0.745953468354552	0.0817740819778563	1.98363229828232
myofibroblast	Gene0076	2.29169937414764	0.905100566449039	1.21062883147158	3.42601707193752
myofibroblast	Gene0077	1.55206793983587	1.15627039942352	0.105348405626451	3.00029702758461
myofibroblast	Gene0078	0.995355392708026	0.703348292545784	0.28122925892519	1.92834473606881
myofibroblast	Gene0079	3.50666046421549	0.84592538323213	2.50146425253737	4.8171327265687
myofibroblast	Gene0080	2.07950848110279	0.695183040779753	1.37679289152432	3.11704201765877
myofibroblast	Gene0081	0.306526457875954	0.15978028297137	0.096523631536242	0.4903141980229
myofibroblast	Gene0082	0.606254417936454	0.784968875118947	0.0532836917915231	1.94256137630529
myofibroblast	Gene0083	0.804289784124444	0.644325239498524	0.279028436590944	1.88715325306639
myofibroblast	Gene0084	1.32275193131663	0.879072773987502	0.228160732434794	2.53218499548825
myofibroblast	Gene0085	0.432824090616992	0.429495842079758	0.0854978084416907	1.06871537703352
myofibroblast	Gene0086	0.848284266384052	0.86000174817168	0.16982259408569	2.16665277346998
myofibroblast	Gene0087	1.25055409476118	0.78585345510044	0.169354181825902	2.20448320309416
myofibroblast	Gene0088	0.768239795740532	0.593009065707085	0.197831031870835	1.56666827899059
myofibroblast	Gene0089	0.753526244792902	0.613726848008987	0.0255530492451998	1.4415877225249
myofibroblast	Gene0090	0.606482329079162	0.612971101519717	0.0822062766395094	1.41033748722001
myofibroblast	Gene0091	1.07998163396525	1.03275736634278	0.129808302496436	2.32654283059159
myofibroblast	Gene0092	0.922092390507512	0.785314168493121	0.155577936757095	2.17289457225092
myofibroblast	Gene0093	1.82554616175663	0.930758656324558	1.10790236918797	3.40737982186575
myofibroblast	Gene0094	0.924515435157703	0.522840447182367	0.417446967667832	1.73981287023019
myofibroblast	Gene0095	0.801386409067834	0.725757128263888	0.0609234758508291	1.92565649685742
myofibroblast	Gene0096	2.21037320951618	0.959605189955856	0.66707403861495	3.12508513120072
myofibroblast	Gene0097	1.23160001630299	0.616306765948313	0.383901965628017	1.9851945053065
myofibroblast	Gene0098	1.60073724403803	1.2890307278829	0.0757626222707515	3.37989498994582
myofibroblast	Gene0099	1.4538059806586	0.634118271664627	0.855663026184686	2.34260192087221
myofibroblast	Gene0100	0.821036073640924	0.567502525131307	0.116353101226825	1.44296249729794
ECM-remodeling	Gene0001	1.50768133089141	1.09517572861263	0.118850149088185	2.8638833703078
ECM-remodeling	Gene0002	1.38655046026116	0.793908667893449	0.562655576842605	2.60438729545273
ECM-remodeling	Gene0003	1.32867619364476	0.798402162433299	0.188014276631875	2.1320037467294
ECM-remodeling	Gene0004	1.18443131809495	0.656625484838116	0.463165965281406	2.09716875734865
ECM-remodeling	Gene0005	1.40300886282852	0.882258514256099	0.134164790478542	2.23054537897186
ECM-remodeling	Gene0006	0.555605089808824	0.227305034825004	0.268391983307551	0.82171822473769
ECM-remodeling	Gene0007	0.752259672437934	0.414925328024299	0.120550198427822	1.26746685928077
ECM-remodeling	Gene0008	1.22539234510365	0.632231968168378	0.664908751437436	2.18660102986856
ECM-remodeling	Gene0009	0.89719347767918	0.422210103434753	0.267648508820541	1.27633447205014
ECM-remodeling	Gene0010	0.807093805318141	0.416471530170326	0.473408239386363	1.5148221754558
ECM-remodeling	Gene0011	1.77546854927747	0.464114370858587	1.29025466262189	2.31468104933018
ECM-remodeling	Gene0012	1.10104508403276	0.649593846895191	0.316746221454485	1.76613447759479
ECM-remodeling	Gene0013	1.18195005089031	1.12298798648346	0.361363416816486	3.05406969701454
ECM-remodeling	Gene0014	1.54385699041549	1.19313061459357	0.220916203758924	2.76404659703937
ECM-remodeling	Gene0015	1.87961455073987	1.14232552527355	0.311578140303279	3.08027577159452
ECM-remodeling	Gene0016	2.79525278423604	0.902025267376864	1.57082189469527	3.69174059999351
ECM-remodeling	Gene0017	3.36657275405792	1.29923637451738	1.90245852102238	5.04909385774282
ECM-remodeling	Gene0018	2.67610353137281	1.0819417125579	1.53098671610122	4.20892924864013
ECM-remodeling	Gene0019	3.30657379973057	0.911211275566768	1.95080903386626	4.45215258053622
ECM-remodeling	Gene0020	1.29307656507926	0.420385427493919	0.755619706354924	1.73329331783287
ECM-remodeling	Gene0021	1.08268241647446	0.50700356963602	0.554216554050037	1.73665388540375
ECM-remodeling	Gene0022	1.1266989402894	0.633467489472383	0.440269111781762	2.08909729168469
ECM-remodeling	Gene0023	3.21920663168098	0.68510231105138	2.59505432652647	4.09957122847589
ECM-remodeling	Gene0024	1.92010963697586	0.778540528577865	1.37109208915438	3.21202948246382
ECM-remodeling	Gene0025	0.936101294697865	0.800400773600533	0.141841246114896	2.24981192189529
ECM-remodeling	Gene0026	1.32506757307833	1.08050570475676	0.239685274207737	2.94977508102805
ECM-remodeling	Gene0027	1.38717129758956	0.911499649138261	0.528556058414454	2.76036912671681
ECM-remodeling	Gene0028	0.935558253584709	0.535124561712892	0.415805231765094	1.78528305811988
ECM-remodeling	Gene0029	1.07106386998183	0.711415573470871	0.0804914392941447	1.90156523874039
ECM-remodeling	Gene0030	2.65400371078613	0.705860672783856	1.79477500883954	3.44819312409283
ECM-remodeling	Gene0031	1.40581809573076	1.38195015803134	0.0470899370809553	3.61161600221322
ECM-remodeling	Gene0032	1.40402169647903	0.627465187969207	0.363504661627002	1.94061067390348
ECM-remodeling	Gene0033	1.63067402410446	1.16066339243344	0.421302907627407	3.34167305942112
ECM-remodeling	Gene0034	0.797085862773407	0.530890091437223	0.166303114828897	1.58720440115412
ECM-remodeling	Gene0035	0.358209675931368	0.395451530975509	0.0532787185480111	0.970643043897628
ECM-remodeling	Gene0036	1.15930717959719	0.924118490248211	0.119991847006965	2.32812437585717
ECM-remodeling	Gene0037	1.06582113769612	0.747846994692481	0.0813359061104893	1.91457561684728
ECM-remodeling	Gene0038	2.43676220654909	0.854731348364499	1.7508361965927	3.66533003186678
ECM-remodeling	Gene0039	0.935121885489675	0.61472654138203	0.242743562907054	1.72786334001655
ECM-remodeling	Gene0040	1.44988124494872	0.792465693945842	0.380784060296873	2.58933298081197
ECM-remodeling	Gene0041	1.60240495942542	0.996672164008146	0.435238893091512	3.05920401738993
ECM-remodeling	Gene0042	1.47756257026998	0.79995065406054	0.247035559476691	2.18525576976414
ECM-remodeling	Gene0043	1.04789926162701	0.727662741582653	0.213479074046994	2.1723581884309
ECM-remodeling	Gene0044	0.573745862891445	0.350714050020065	0.182036362501255	1.11270326327795
ECM-remodeling	Gene0045	1.27828688294432	1.17901390211582	0.0587207854981789	2.97996031324426
ECM-remodeling	Gene0046	0.779814281403116	0.792429669564984	0.0830989899391127	1.90526546180908
ECM-remodeling	Gene0047	2.30665822874198	1.27296532456193	1.43755809278403	4.49147565328541
ECM-remodeling	Gene0048	1.2548083875006	1.00534274830431	0.116848947177185	2.78162940991487
ECM-remodeling	Gene0049	0.955420359885334	0.632494917265867	0.127462194596255	1.59732042086125
ECM-remodeling	Gene0050	2.02300687712626	1.00280875385161	0.696347510864401	3.39316910592571
ECM-remodeling	Gene0051	0.498265989340612	0.452629549669467	0.0431195179824278	1.17678971510552
ECM-remodeling	Gene0052	1.93734119013865	1.19935375098673	0.486107632228749	3.72046039167022
ECM-remodeling	Gene0053	2.18725149677701	0.950711539064849	0.888200962899535	3.0427678123312
ECM-remodeling	Gene0054	0.999233866997938	0.539825333765941	0.40061608769875	1.7366441087652
ECM-remodeling	Gene0055	1.91865410469095	1.09547708840234	0.635762837841124	3.33554805583777
ECM-remodeling	Gene0056	1.57470809469531	1.30535747499263	0.148379863516065	3.43799253580897
ECM-remodeling	Gene0057	0.852455739622688	0.533423278818316	0.104973299371426	1.47313595675006
ECM-remodeling	Gene0058	0.306682839027315	0.158052361714335	0.057044626582537	0.451667582781338
ECM-remodeling	Gene0059	1.08595794184037	0.733188742041669	0.224144262314604	2.1149869044673
ECM-remodeling	Gene0060	1.68559873435002	0.882292235714898	0.394848723062008	2.71003599711127
ECM-remodeling	Gene0061	1.62485216542045	0.390868658014447	1.21639062661647	2.06586372827378
ECM-remodeling	Gene0062	2.14407836630618	1.00731399890388	0.597502826040695	3.23426712604976
ECM-remodeling	Gene0063	0.960949470481896	0.392889083685203	0.552424860255106	1.51819522468083
ECM-remodeling	Gene0064	1.20584142772879	1.00317091675053	0.210833737223534	2.82565528356312
ECM-remodeling	Gene0065	1.83411962830061	1.47598399164	0.254514129949658	3.76345314468785
ECM-remodeling	Gene0066	0.645015179483958	0.405878112163139	0.0618566775526388	1.04451784345284
ECM-remodeling	Gene0067	1.23086706275199	0.799435378945574	0.414196695207073	2.36289469316185
ECM-remodeling	Gene0068	1.29742619731619	0.768811065021552	0.6065792580923	2.45267130544189
ECM-remodeling	Gene0069	2.29432776096988	1.35467405922903	0.467606451426017	3.55137072638658
ECM-remodeling	Gene0070	1.18390814621417	0.752081643996947	0.198855237357188	2.10042006104329
ECM-remodeling	Gene0071	2.76925580872959	0.646237989039792	1.90376360297379	3.58891884644306
ECM-remodeling	Gene0072	0.72154711260545	0.599003427486279	0.0258840036712293	1.53744381026386
ECM-remodeling	Gene0073	1.68441814716477	0.755464457281508	0.796140638664486	2.75152805248997
ECM-remodeling	Gene0074	0.854589836489515	0.747662804124819	0.197341815214827	2.07961809760639
ECM-remodeling	Gene0075	2.08476367346347	0.827172716361902	1.10334963581992	3.14294477151824
ECM-remodeling	Gene0076	1.13652735763089	0.620955228409471	0.327077210808064	2.05048914621036
ECM-remodeling	Gene0077	1.67918975922596	0.842018483997327	0.592396136116871	2.51779443652211
ECM-remodeling	Gene0078	1.47275271737434	0.764960952076157	0.746658241012498	2.44097571266731
ECM-remodeling	Gene0079	0.566455240708801	0.476346655006956	0.0494061128702585	1.21626756928854
ECM-remodeling	Gene0080	0.986276500195924	0.583959971034572	0.26904828692729	1.66442761372261
ECM-remodeling	Gene0081	0.614159693927333	0.476257840869323	0.109081911042373	1.30318083420112
ECM-remodeling	Gene0082	0.498236630037121	0.491160333400007	0.0226415338092346	1.1568781506049
ECM-remodeling	Gene0083	0.79867205011177	0.397262243846013	0.357117705347052	1.34230925882649
ECM-remodeling	Gene0084	0.521857221631061	0.27586265415044	0.202756068632615	0.841838918385771
ECM-remodeling	Gene0085	0.433114395447268	0.297860896650195	0.0848918052809929	0.795258886013682
ECM-remodeling	Gene0086	0.708129178333556	0.571350535842395	0.264029637437687	1.57645736874119
ECM-remodeling	Gene0087	2.55490064632465	0.852600854406204	1.35474327354775	3.71579405128278
ECM-remodeling	Gene0088	0.55750569713306	0.487739271178279	0.217696960905	1.35574734224004
ECM-remodeling	Gene0089	1.03755646022988	1.28036589108213	0.0496873717974516	2.79260949395497
ECM-remodeling	Gene0090	0.873929487287398	0.779142730795663	0.151767178747764	2.11381740072372
ECM-remodeling	Gene0091	1.13652635665444	1.13757505792608	0.0788248453328051	2.60571351088439
ECM-remodeling	Gene0092	1.07951862177538	0.798407324574509	0.0489604254876469	1.95728408799781
ECM-remodeling	Gene0093	1.07416518822117	0.591257428088167	0.154083517133222	1.75559317707614
ECM-remodeling	Gene0094	0.915930763563702	0.596696875926153	0.224362278806827	1.67017397517099
ECM-remodeling	Gene0095	1.31707296235537	0.767154627937201	0.413420423799103	2.39381725925032
ECM-remodeling	Gene0096	1.88479952093615	0.92102882633471	0.755242812427855	3.29071515795034
ECM-remodeling	Gene0097	0.987892424290249	0.482509982479905	0.459040922387983	1.73013845459011
ECM-remodeling	Gene0098	1.32307059397232	0.593697304522567	0.342922063212643	1.78765521168835
ECM-remodeling	Gene0099	0.787223272944538	0.397718095706029	0.426158988569473	1.38865155119696
ECM-remodeling	Gene0100	1.4009754971905	0.806366058206645	0.5036879385951	2.39017495987259
antigen-presenting	Gene0001	0.993119575375215	0.344488109262096	0.535161856910633	1.46266810633354
antigen-presenting	Gene0002	1.24683557785554	0.923236589170186	0.155181271220153	2.28791572316907
antigen-presenting	Gene0003	2.05738637563811	1.00348535723948	0.774903813372687	3.38480068158947
antigen-presenting	Gene0004	1.50214560531761	1.32616861847692	0.044590262867637	3.29766214454899
antigen-presenting	Gene0005	2.21399568518133	0.829292055928431	0.898772803691959	3.00565966539902
antigen-presenting	Gene0006	0.772888544881336	0.483110019794367	0.279899579195657	1.54449648437349
antigen-presenting	Gene0007	2.01145105002152	0.838596004771614	1.24827489910032	3.30307079951176
antigen-presenting	Gene0008	1.13307847879061	0.872264032360794	0.123433712202734	2.24313238651352
antigen-presenting	Gene0009	1.1875958962965	1.16728280289649	0.291142793973438	3.1696841012492
antigen-presenting	Gene0010	0.580380552458841	0.54872258032614	0.0503270502555677	1.42011199677029
antigen-presenting	Gene0011	1.4177154796189	0.6808109948155	0.610882515003652	2.34936542727835
antigen-presenting	Gene0012	1.05632097595282	0.638277302135799	0.147883754419398	1.76697661757085
antigen-presenting	Gene0013	0.821956350526659	0.855977900772677	0.174196422881827	2.25782217691523
antigen-presenting	Gene0014	1.56663762524351	0.601667010111816	0.650083644697071	2.28496548169041
antigen-presenting	Gene0015	0.806173581613761	0.567287214214424	0.08909529737266	1.59224612817964
antigen-presenting	Gene0016	1.808802228664	0.966875645177397	0.406516809601464	3.07370253308874
antigen-presenting	Gene0017	3.46008505878346	1.40921433430531	1.25787149226539	4.85688844982666
antigen-presenting	Gene0018	1.70728730422274	1.67393156535239	0.278062994489656	3.99049446584357
antigen-presenting	Gene0019	1.88489754943821	1.1848692372523	0.357143922026548	3.38772654689675
antigen-presenting	Gene0020	0.932165915036273	0.367532571467061	0.404487337224572	1.41987010202447
antigen-presenting	Gene0021	3.30674317431698	0.491395288930388	2.63369740344375	3.78629212248559
antigen-presenting	Gene0022	1.415432502765	0.641170420319861	0.433707511359168	2.06866213691896
antigen-presenting	Gene0023	1.0889240972794	0.904174435260377	0.0418499602772669	2.41848081174046
antigen-presenting	Gene0024	3.85060035375459	1.45512648272901	2.00378081030319	5.62295586314179
antigen-presenting	Gene0025	3.42494590369063	0.877315016781092	2.45228074106419	4.57117770643662
antigen-presenting	Gene0026	0.833052977180376	0.91555941514453	0.0396475291719602	2.36752378565823
antigen-presenting	Gene0027	0.807882794515608	0.449954139918054	0.149825719016576	1.29119488191022
antigen-presenting	Gene0028	1.71185757623702	0.683428981668968	0.794065394992415	2.53572158500481
antigen-presenting	Gene0029	1.27614044687844	1.13945122177334	0.18908476802012	3.01644500069303
antigen-presenting	Gene0030	0.7646211873715	0.54011302852487	0.451624507279613	1.70803619468196
antigen-presenting	Gene0031	1.14095850043803	0.788408624749906	0.124344305565793	2.09830032476967
antigen-presenting	Gene0032	0.87079516849574	0.758621320300325	0.193503152680158	2.10324531900026
antigen-presenting	Gene0033	0.884429856031898	0.753585756526569	0.186164806223837	1.76205078172839
antigen-presenting	Gene0034	0.692691652241149	0.79633196601227	0.00487651530912736	2.00435927211934
antigen-presenting	Gene0035	0.643019760914785	0.429721894056275	0.37365618614218	1.38774779591166
antigen-presenting	Gene0036	1.01883234310324	1.12416564187117	0.123273084081409	2.69325940564504
antigen-presenting	Gene0037	2.89866326418403	1.44345505476955	1.51832258401435	5.16792016093937
antigen-presenting	Gene0038	1.13581500099045	0.707224782850807	0.399598992288656	2.29527279794375
antigen-presenting	Gene0039	0.594077151507136	0.653996415853161	0.0290789156067544	1.55039674706013
antigen-presenting	Gene0040	2.32959078415376	1.57639701718946	0.449088901563588	4.55921536539023
antigen-presenting	Gene0041	1.35100595416789	1.14023867272727	0.253722815968311	3.0610477905579
antigen-presenting	Gene0042	0.882150111874329	0.56184055661558	0.242608870030748	1.63858192652298
antigen-presenting	Gene0043	2.12458971371461	1.31279812852806	0.506199934958756	3.71189926055124
antigen-presenting	Gene0044	2.48951701185743	1.09207425268065	1.13961788521985	3.96029916552973
antigen-presenting	Gene0045	1.28374974212065	0.445705031974778	0.726972281794337	1.95358202026822
antigen-presenting	Gene0046	3.08565713017102	1.40496835296255	0.899554712328387	4.34132101584661
antigen-presenting	Gene0047	1.59437262044897	0.974924021753781	0.387146029937374	2.58866030989955
antigen-presenting	Gene0048	3.55425400327168	0.805501323084285	2.67994223731035	4.49707813623458
antigen-presenting	Gene0049	1.71223495600316	1.49731946249799	0.28782286648493	4.05777934947321
antigen-presenting	Gene0050	0.44753794914057	0.661590710644767	0.0341672532696974	1.59775317297881
antigen-presenting	Gene0051	1.13955591051464	1.13105785656991	0.462324098119753	3.11233460136442
antigen-presenting	Gene0052	1.96086169857399	0.993029173467449	0.486553808271801	3.23461089718428
antigen-presenting	Gene0053	2.33783550919456	1.11959583041543	0.850631980030232	3.70767704210712
antigen-presenting	Gene0054	0.868588786510772	0.711783356410265	0.133208894765206	1.92073282668569
antigen-presenting	Gene0055	1.09937224607396	0.737100905163163	0.135382133155868	1.97971306599081
antigen-presenting	Gene0056	1.15339322275118	0.948754015739886	0.254004496552615	2.6625753103052
antigen-presenting	Gene0057	1.38594426173507	1.07297008237054	0.307990313771133	2.59676767143957
antigen-presenting	Gene0058	0.44611648795085	0.354322608618989	0.0754519527909123	0.914530062073626
antigen-presenting	Gene0059	1.23736072018194	1.21930865385259	0.145151446267597	3.26102889844546
antigen-presenting	Gene0060	2.52619597147749	1.29667207355111	1.03636252671689	4.36456081493398
antigen-presenting	Gene0061	0.816282418581253	0.743183194755824	0.160972655695372	2.07451726443394
antigen-presenting	Gene0062	1.04670498333659	0.798134423273526	0.101958070140897	2.20418439432355
antigen-presenting	Gene0063	1.2118293006231	0.805794077111966	0.318068618292201	2.34065406532346
antigen-presenting	Gene0064	0.666757922471486	0.747844605530387	0.126618699035206	1.79934616817662
antigen-presenting	Gene0065	0.72359632942882	0.792085724517164	0.104187114581578	1.92728577500902
antigen-presenting	Gene0066	1.24818655173072	1.57747071563004	0.190867657464673	3.97152675336351
antigen-presenting	Gene0067	0.639792272675204	0.366243557562797	0.200535088202174	1.09133430151946
antigen-presenting	Gene0068	2.01814951211312	1.18621875112016	0.372251955094533	3.19262329670265
antigen-presenting	Gene0069	1.20218190889777	0.806923746040067	0.199588518275955	2.29575595963455
antigen-presenting	Gene0070	1.28822736792085	1.11662643970873	0.12075181905898	2.59091903829299
antigen-presenting	Gene0071	0.791483482572916	0.729566324332462	0.142434424160673	1.87706633089839
antigen-presenting	Gene0072	0.519718851204639	0.510673803926942	0.111472340888773	1.2802194652207
antigen-presenting	Gene0073	1.56615094158205	1.22777835804426	0.248167077678094	3.0534016088356
antigen-presenting	Gene0074	1.44737729676097	1.29930567440582	0.30623838498847	3.51274194986108
antigen-presenting	Gene0075	1.9145130696734	1.01510170435137	0.499605912169841	3.28033462439593
antigen-presenting	Gene0076	1.48898482698342	0.971579423063948	0.148487849087882	2.49154848165444
antigen-presenting	Gene0077	1.17179090746967	1.00835212886054	0.099843159422104	2.55482692503469
antigen-presenting	Gene0078	0.727947559561954	0.523938877584305	0.114622759796303	1.33169569221001
antigen-presenting	Gene0079	2.21409536486617	1.18827370828682	0.872898587041951	3.85006840074089
antigen-presenting	Gene0080	1.02992247296368	0.894346200205089	0.286349480873155	2.51506458853098
antigen-presenting	Gene0081	1.5798704122976	1.27112574987374	0.283032032306517	3.65419767339336
antigen-presenting	Gene0082	0.771113800596155	0.669861282237701	0.0970582619177098	1.70710922772161
antigen-presenting	Gene0083	0.736133007127392	0.582913734355975	0.0923140857767969	1.54142345648044
antigen-presenting	Gene0084	0.842930338046	0.680833421137443	0.284158314560873	1.97866153731574
antigen-presenting	Gene0085	0.453290485849901	0.284323263353945	0.212420848087961	0.887129891031259
antigen-presenting	Gene0086	3.61975434539212	1.82289617675836	1.34401797233129	5.85384981372634
antigen-presenting	Gene0087	1.87169453717956	1.09830528272681	0.505872011402985	3.16688911476315
antigen-presenting	Gene0088	1.90579765712321	0.996477077525947	0.786939916497329	3.2965812449591
antigen-presenting	Gene0089	0.859546465509004	0.517019531262066	0.327775518967867	1.66715869374103
antigen-presenting	Gene0090	2.27498107330483	0.946757703213725	0.873743861402284	3.14240835614004
antigen-presenting	Gene0091	0.894552849277629	0.69678921496422	0.153245355060522	1.83353453889507
antigen-presenting	Gene0092	1.01535796017408	0.508989923977041	0.378183298338044	1.72069839394216
antigen-presenting	Gene0093	1.31703456811469	0.70347039893791	0.715915147204268	2.44523343703676
antigen-presenting	Gene0094	1.34475276978897	0.807886935142579	0.516323528794024	2.24538528424443
antigen-presenting	Gene0095	2.05209814370405	0.518967482873251	1.35722473235938	2.59210059970516
antigen-presenting	Gene0096	0.976788799484584	0.418072557715686	0.487857352603921	1.57319888493096
antigen-presenting	Gene0097	0.790431317477846	0.87370132730621	0.0298945142423595	1.93939667804412
antigen-presenting	Gene0098	1.01522518601263	0.666765635322624	0.337798128886796	2.00305707576548
antigen-presenting	Gene0099	1.58034867048295	1.29824761012627	0.240470738012197	3.47360139702566
antigen-presenting	Gene0100	1.84056554802702	0.702314064544449	1.12855698629334	2.81438523628528
IFN-stress	Gene0001	1.35248016220097	0.731547889613139	0.290002108722098	2.05942699260599
IFN-stress	Gene0002	0.815962891634125	0.701787147339226	0.0977350045504917	1.92130180793317
IFN-stress	Gene0003	1.47161024755099	1.1198849938799	0.4815487983644	2.97267733673843
IFN-stress	Gene0004	1.00593544973182	0.668774865892173	0.168218836281944	1.8571382684092
IFN-stress	Gene0005	2.24897451156359	0.704454132510479	1.69705557724543	3.39046852823471
IFN-stress	Gene0006	0.614862871743433	0.549031432195888	0.0431973526587839	1.49843437246377
IFN-stress	Gene0007	0.856233420861038	0.487934692582242	0.271477995435809	1.46057699097241
IFN-stress	Gene0008	0.828756823271413	0.640087826669752	0.264768243184807	1.90723451484188
IFN-stress	Gene0009	1.94775157927363	1.20645668436719	0.445889163952428	3.49929058955289
IFN-stress	Gene0010	1.32819639076016	0.777112469894455	0.295006930720447	2.39509170648185
IFN-stress	Gene0011	0.777995335908147	0.429352481157491	0.154722563244878	1.23196446088843
IFN-stress	Gene0012	0.684798774731181	0.62176256119837	0.210793919776727	1.68238331486793
IFN-stress	Gene0013	0.720701979047051	0.826943417408439	0.0888978175829142	2.13956231979436
IFN-stress	Gene0014	1.0732940973078	0.673150506014456	0.246532759624917	1.94199917850258
IFN-stress	Gene0015	1.04593976576514	0.617327292301913	0.245132656743173	1.72114273424235
IFN-stress	Gene0016	3.13597846315391	1.62635335067679	1.27407146146946	5.63763006432762
IFN-stress	Gene0017	1.09003686339753	0.693610169041915	0.417933866209041	2.06954176092857
IFN-stress	Gene0018	0.776701276206467	0.493574112321299	0.176385376664973	1.30032946104583
IFN-stress	Gene0019	0.656192141464823	0.487097354284332	0.190110773764502	1.36246808453615
IFN-stress	Gene0020	0.63362662011362	0.592692784428169	0.0535041357733332	1.47761145549585
IFN-stress	Gene0021	1.07605568790172	0.830288102872205	0.196732152356373	2.37598781176585
IFN-stress	Gene0022	2.66439167911123	0.658033304519493	1.66764519186852	3.45939449340987
IFN-stress	Gene0023	3.8692275023555	0.804086514961841	2.85681079256626	5.04679591808247
IFN-stress	Gene0024	0.568595737290122	0.721446324091715	0.0619892313892039	1.78770640041707
IFN-stress	Gene0025	1.46354401640753	0.691042458799811	0.644595217129693	2.44089399569051
IFN-stress	Gene0026	2.65754706438645	1.39001252977838	1.50670563343966	4.69880204452896
IFN-stress	Gene0027	5.04903319283466	1.09263118765517	3.37177698815781	6.22580060530414
IFN-stress	Gene0028	1.50194013497725	1.1384904883682	0.441428476010748	3.03879989795046
IFN-stress	Gene0029	2.08105443457148	0.779678508932734	1.18282995386896	3.30365426236554
IFN-stress	Gene0030	4.97414948946228	1.14676822575223	3.416960093533	6.1746430348466
IFN-stress	Gene0031	1.20996554519856	0.991645999116569	0.18612141567719	2.42999222201321
IFN-stress	Gene0032	1.84464612941908	1.53313984227552	0.185468681169706	4.04769733316622
IFN-stress	Gene0033	2.36829715208591	0.670133434108539	1.61739251835047	3.28800495562027
IFN-stress	Gene0034	1.01788846947657	0.573449992128547	0.579827386585763	1.82120211383826
IFN-stress	Gene0035	1.56707772399835	0.867566186127504	0.414533688049868	2.5888190792556
IFN-stress	Gene0036	0.849503614010889	1.00064064809875	0.0857892823141691	2.5751052758411
IFN-stress	Gene0037	1.23514683998199	1.095977481279	0.145838906432747	2.42717785075899
IFN-stress	Gene0038	0.945728786031592	0.804533070006093	0.0526682337888112	2.01614268377158
IFN-stress	Gene0039	2.0455863691414	1.19439586255414	0.875154034757956	3.76955346979882
IFN-stress	Gene0040	1.86785761422506	0.78022616602171	1.13695252949305	2.76878302040246
IFN-stress	Gene0041	2.21655291326492	1.39879723332536	0.785114090793434	4.48018752500019
IFN-stress	Gene0042	1.76181448976471	1.00722115228003	0.824876405501934	3.36955769070218
IFN-stress	Gene0043	1.43249886835337	0.919610760727705	0.329623416747656	2.80165503793668
IFN-stress	Gene0044	1.98365585382197	1.27605181148856	0.189735319764278	3.34125177100331
IFN-stress	Gene0045	0.619710048524481	0.575549447833157	0.126924946624135	1.5756735270654
IFN-stress	Gene0046	0.760047862860337	0.552807644769741	0.354996536496628	1.55584080918713
IFN-stress	Gene0047	1.19878606812137	0.829454036798319	0.113635951826444	1.94249565403099
IFN-stress	Gene0048	1.22770557395994	0.681378942231766	0.528014284698762	2.26321437185286
IFN-stress	Gene0049	1.37007914555618	0.910537415286972	0.206840569908823	2.70140989677399
IFN-stress	Gene0050	2.5978515017253	1.27607189315714	0.658399536469014	3.71098169940946
IFN-stress	Gene0051	0.982419469964259	0.717299994193073	0.304632803820806	2.09171418723157
IFN-stress	Gene0052	1.24598547301284	0.407825954324552	0.828122918866485	1.8804536016369
IFN-stress	Gene0053	0.777078565691555	0.576475788781222	0.0614881103079395	1.53833813915604
IFN-stress	Gene0054	1.50732899595858	0.923208765777521	0.626850425440558	3.04222497107114
IFN-stress	Gene0055	1.04901239221266	0.880331293173368	0.181569009515707	2.24960741148425
IFN-stress	Gene0056	1.31462726415238	0.809177930257949	0.393757792849519	2.57214558971415
IFN-stress	Gene0057	0.556980334500271	0.387865852023885	0.156005025629259	1.05205264716619
IFN-stress	Gene0058	0.968913769235754	0.576365741969984	0.25015962279814	1.7150493760031
IFN-stress	Gene0059	2.69037966047572	1.56645492064634	0.404860403794838	4.39600721000417
IFN-stress	Gene0060	2.52105784673913	1.46223086086619	0.508006434360611	4.5931099546926
IFN-stress	Gene0061	0.841180063864207	0.751614845519057	0.064955820552026	1.6323971640047
IFN-stress	Gene0062	1.16287375279948	0.409342100533814	0.72649908859901	1.80024717935662
IFN-stress	Gene0063	0.673868775462533	0.58429265088979	0.0164577876837138	1.47725397568202
IFN-stress	Gene0064	0.829448069198774	0.890637146544821	0.138165585200798	2.33617385775519
IFN-stress	Gene0065	1.43276775199092	0.867296248244815	0.374880581020496	2.57493651361185
IFN-stress	Gene0066	1.67475357414678	1.18518580132492	0.178255345873843	2.87983165441458
IFN-stress	Gene0067	0.798973177543812	0.698801424384533	0.0783754681438094	1.896958573347
IFN-stress	Gene0068	0.975110105070028	0.77830495874071	0.174430438835658	2.11473345867482
IFN-stress	Gene0069	1.20742889369238	0.799013254477328	0.518475661155418	2.53844314152805
IFN-stress	Gene0070	0.995469175498683	0.775710998269786	0.0904078922161073	2.14122243199925
IFN-stress	Gene0071	1.77618237280503	1.2170370989878	0.197080667987403	3.03972045461583
IFN-stress	Gene0072	0.765943916462844	0.517717353842496	0.313315851261998	1.4379289777153
IFN-stress	Gene0073	2.00441138806322	1.09620866541673	0.585077448393016	3.51218929024891
IFN-stress	Gene0074	1.01939775539277	0.987977550381527	0.0614390544084478	2.31222834162664
IFN-stress	Gene0075	0.888509721268608	0.409843530786873	0.350831408597092	1.404043651827
IFN-stress	Gene0076	0.990135443432098	0.762407242569524	0.146065224401779	1.90359892545205
IFN-stress	Gene0077	1.40310323687783	0.442815081657182	0.935685127313496	1.88986588939834
IFN-stress	Gene0078	1.5718306738991	1.51688125912927	0.0071679502231548	3.42102218490534
IFN-stress	Gene0079	0.548922726760228	0.526550212657601	0.0386689301415863	1.31964776174424
IFN-stress	Gene0080	0.803996761646539	0.766536272505667	0.0142049452307962	1.70424794051271
IFN-stress	Gene0081	2.22106197595413	1.43864389847144	0.175013938591904	3.85117090040537
IFN-stress	Gene0082	1.64468957681375	1.03007612442387	0.308558030046579	2.79658223561889
IFN-stress	Gene0083	0.848671707242847	0.628144186217823	0.0532050245165864	1.43161351496873
IFN-stress	Gene0084	1.81135136959643	1.27865809576921	0.543220646768481	3.47871897812532
IFN-stress	Gene0085	0.965404225372051	0.423815515204112	0.469352618571538	1.55058987590094
IFN-stress	Gene0086	0.7546981563159	0.154659156439064	0.560591880984078	0.959158630731392
IFN-stress	Gene0087	0.848602662363907	0.465763062090357	0.188101269063176	1.35797252639741
IFN-stress	Gene0088	1.54521952473879	1.00324082545705	0.176691203604025	2.60245872096752
IFN-stress	Gene0089	2.51732796210282	1.58673707919839	1.11080787319372	5.02339710807015
IFN-stress	Gene0090	2.6136571207382	0.718223550103413	1.7485909719236	3.58275728957343
IFN-stress	Gene0091	1.10735921010753	0.636511906907977	0.26696163362023	2.03575747966758
IFN-stress	Gene0092	1.87279329436704	0.93635144456104	0.641173093167005	2.96910487380336
IFN-stress	Gene0093	0.322201571966608	0.408069173280937	0.0731368847937724	1.03332276768162
IFN-stress	Gene0094	0.800301079668614	0.610214200241488	0.0519595141272755	1.48680939884588
IFN-stress	Gene0095	1.32110144832542	1.14851397181667	0.0108661197289813	2.83951253903735
IFN-stress	Gene0096	0.410215592677429	0.388565014537913	0.0229869207963652	0.845302799149914
IFN-stress	Gene0097	0.982098995924245	0.845807029402328	0.19720769500478	2.0607334775325
IFN-stress	Gene0098	0.993771533650744	0.724806728260308	0.205230570615587	1.96933464819854
IFN-stress	Gene0099	2.49934932552697	1.22364144831753	1.1869573850567	4.18117286181279
IFN-stress	Gene0100	1.45628353036825	0.863822762619608	0.520835522409571	2.76991936676485
